Data Desc;FOGO;TAMANHO;MARCA;MOTIVO
02/03/2022;N5067;1100R22;MICHELIN;
02/03/2022;N5119;1100R22;GOODYEAR;
02/03/2022;N5168;295/80R22,5;BRIDGESTONE;
02/03/2022;N6762;295/80R22,5;MICHELIN;
02/03/2022;N7082;295/80R22,5;MICHELIN;
02/03/2022;N6773;295/80R22,5;MICHELIN;
03/01/2022;N6542;295/80R22,5;GOODYEAR;
03/01/2022;N7308;295/80R22,5;GOODYEAR;
03/01/2022;N7245;1100R22;GOODYEAR;
03/01/2022;N7037;900R20;PIRELLI;
03/01/2022;N6683;1100R22;GOODYEAR;
03/01/2022;N6322;1100R22;GOODYEAR;
03/01/2022;N5961;1100R22;GOODYEAR;
03/01/2022;N5480;1100R22;GOODYEAR;
03/01/2022;N6207;295/80R22,5;MICHELIN;
13/12/2021;N6562;1100R22;GOODYEAR;
13/12/2021;N5429;1100R22;GOODYEAR;
13/12/2021;N1674;1100R22;PIRELLI;
13/12/2021;N6706;275/80R22,5;GOODYEAR;
13/12/2021;N5792;275/80R22,5;GOODYEAR;
13/12/2021;N6188;275/80R22,5;PIRELLI;
13/12/2021;N6274;275/80R22,5;MICHELIN;
13/12/2021;N6273;275/80R22,5;MICHELIN;
13/12/2021;N5273;275/80R22,5;GOODYEAR;
13/12/2021;N7657;295/80R22,5;BOTO;
13/12/2021;N6767;295/80R22,5;DUNLOP;
13/12/2021;N7848;295/80R22,5;PIRELLI;Dano no Talão
11/03/2022;N6950;1100R22;PIRELLI;
11/03/2022;N6648;295/80R22,5;CONTINENTAL;Ruptura Circunferencial
11/03/2022;N2942;1100R22;MICHELIN;Fadiga Natural
11/03/2022;N5926;295/80R22,5;MICHELIN;Fadiga Natural
11/03/2022;N6936;295/80R22,5;PIRELLI;Arrancamento do Ombro
11/03/2022;N7472;295/80R22,5;PIRELLI;Aquecimento no Talão
11/03/2022;N6676;295/80R22,5;GOODYEAR;Soltou borracha
11/03/2022;N6527;1100R22;GOODYEAR;Soltou borracha
22/03/2022;N6495;295/80R22,5;MICHELIN;
22/03/2022;N6995;295/80R22,5;PIRELLI;
22/03/2022;N7656;295/80R22,5;BOTO;
10/03/2022;N6353;295/80R22,5;GOODYEAR;
10/03/2022;N7102;295/80R22,5;PIRELLI;
10/03/2022;N6091;295/80R22,5;GOODYEAR;
10/03/2022;N7487;295/80R22,5;BRIDGESTONE;
10/03/2022;N5838;295/80R22,5;GOODYEAR;
10/03/2022;N7306;295/80R22,5;GOODYEAR;
10/03/2022;N7429;295/80R22,5;CONTINENTAL;
10/03/2022;N7545;295/80R22,5;CONTINENTAL;
24/03/2022;N4755;1100R22;GOODYEAR;Impacto
24/03/2022;N6413;295/80R22,5;GOODYEAR;Desagregação nas Cintas
24/03/2022;N6623;295/80R22,5;GOODYEAR;Infiltração de Ar
24/03/2022;N5771;1100R22;GOODYEAR;Arrancamento do Ombro
24/03/2022;N6593;295/80R22,5;GOODYEAR;Dano no Talão
24/03/2022;N6333;275/80R22,5;PIRELLI;Impacto
24/03/2022;N5796;275/80R22,5;GOODYEAR;Desagregação nas Cintas
01/04/2022;N7045;295/80R22,5;PIRELLI;Aquecimento no Talão
01/04/2022;N7798;295/80R22,5;GOODYEAR;Aquecimento no Talão
07/04/2022;N7726;295/80R22,5;MICHELIN;Dano no Flanco
07/04/2022;N7428;295/80R22,5;CONTINENTAL;Aquecimento no Talão
07/04/2022;N7375;295/80R22,5;PIRELLI;Aquecimento no Talão
07/04/2022;N7656;295/80R22,5;BOTO;Separação no Flanco
05/04/2022;N7271;295/80R22,5;PIRELLI;Ruptura Circunferencial
05/04/2022;N7511;295/80R22,5;PIRELLI;Aquecimento no Talão
12/04/2022;N6836;275/80R22,5;GOODYEAR;Infiltração de Ar
12/04/2022;N6625;295/80R22,5;GOODYEAR;Aquecimento no Talão
12/04/2022;N5789;275/80R22,5;GOODYEAR;Aquecimento no Talão
12/04/2022;N6445;275/80R22,5;BRIDGESTONE;Dano no Talão
12/04/2022;N6874;295/80R22,5;MICHELIN;Impacto
12/04/2022;N7157;295/80R22,5;PIRELLI;Aquecimento no Talão
14/04/2022;N3852;1100R22;GOODYEAR;Infiltração de Ar
14/04/2022;N5790;275/80R22,5;GOODYEAR;Corte Lateral
20/04/2022;N6096;295/80R22,5;MICHELIN;
20/04/2022;N7039;295/80R22,5;GOODYEAR;
20/04/2022;N6983;295/80R22,5;FIRESTONE;
28/04/2022;N7163;295/80R22,5;FIRESTONE;Impacto
28/04/2022;N5202;1100R22;GOODYEAR;Impacto
28/04/2022;N7347;295/80R22,5;GOODYEAR;Corte Lateral
03/05/2022;N4364;295/80R22,5;MICHELIN;Rachadura Circunferencial
03/05/2022;N5522;295/80R22,5;BRIDGESTONE;Rachadura Circunferencial
03/05/2022;N6423;295/80R22,5;BRIDGESTONE;Dano no Talão
03/05/2022;N6968;295/80R22,5;MICHELIN;Separação no Ombro
03/05/2022;N6982;295/80R22,5;BRIDGESTONE;Rachadura Circunferencial
03/05/2022;N6994;1100R22;PIRELLI;Rachadura Circunferencial
03/05/2022;N7287;295/80R22,5;PIRELLI;Ruptura Circunferencial
03/05/2022;N7318;295/80R22,5;MICHELIN;Dano no Talão
03/05/2022;N7667;1100R22;GOODYEAR;Dano no Flanco
13/05/2022;DOT2014;295/80R22,5;GOODYEAR;Rachadura Circunferencial
13/05/2022;N6659;295/80R22,5;GOODYEAR;Rachadura Circunferencial
13/05/2022;N3523;295/80R22,5;GOODYEAR;Rachadura Circunferencial
13/05/2022;N3032;295/80R22,5;MICHELIN;Rachadura Circunferencial
13/05/2022;N4630;275/80R22,5;BRIDGESTONE;Rachadura Circunferencial
13/05/2022;N5418;295/80R22,5;BRIDGESTONE;Rachadura Circunferencial
13/05/2022;N7489;295/80R22,5;BRIDGESTONE;Rachadura Circunferencial
13/05/2022;N5306;1100R22;GOODYEAR;Impacto
13/05/2022;N4112;295/80R22,5;MARSHAL;Rachadura Circunferencial
13/05/2022;N7763;295/80R22,5;BRIDGESTONE;Dano no Talão
13/05/2022;N7182;295/80R22,5;PIRELLI;Dano no Talão
13/05/2022;N7039;295/80R22,5;GOODYEAR;Ressecado
13/05/2022;N6983;295/80R22,5;FIRESTONE;Dano no Talão
13/05/2022;N6096;275/80R22,5;CONTINENTAL;Soltou borracha
13/05/2022;N5087;295/80R22,5;BRIDGESTONE;Soltou borracha
13/05/2022;N6713;295/80R22,5;GOODYEAR;Dano no Talão
13/05/2022;N5992;1100R22;GOODYEAR;Ressecado
16/05/2022;N6724;275/80R22,5;GOODYEAR;Rachadura Circunferencial
18/05/2022;N3835;295/80R22,5;BRIDGESTONE;Separação no Ombro
18/05/2022;N7589;295/80R22,5;MICHELIN;Separação do Flanco
18/05/2022;N7521;295/80R22,5;BRIDGESTONE;Rachadura Circunferencial
18/05/2022;N7141;295/80R22,5;GOODYEAR;Separação do Flanco
18/05/2022;N6873;295/80R22,5;MICHELIN;Rachadura Circunferencial
18/05/2022;N6549;295/80R22,5;GOODYEAR;Dano no Talão
19/05/2022;N6087;900R20;GOODYEAR;Infiltração de Ar
01/06/2022;N6900;275/80R22,5;PIRELLI;Aquecimento no Talão
01/06/2022;N5845;275/80R22,5;GOODYEAR;Dano no Talão
01/06/2022;dot4717;295/80R22,5;GOODYEAR;Ruptura Circunferencial
08/06/2022;N6429;295/80R22,5;GOODYEAR;Rachadura Circunferencial
08/06/2022;N3404;295/80R22,5;GOODYEAR;Rachadura Circunferencial
08/06/2022;N7754;275/80R22,5;DUNLOP;Infiltração de Ar
08/06/2022;N7788;295/80R22,5;PIRELLI;Aquecimento no Talão
08/06/2022;N7219;295/80R22,5;BRIDGESTONE;Infiltração de Ar
08/06/2022;N5660;295/80R22,5;BRIDGESTONE;Rachadura Circunferencial
08/06/2022;N4429;275/80R22,5;GOODYEAR;Aquecimento no Talão
08/06/2022;DOT2419;295/80R22,5;PIRELLI;Rachadura Circunferencial
08/06/2022;N5492;1100R22;GOODYEAR;Separação no Ombro
08/06/2022;N6926;295/80R22,5;PIRELLI;Infiltração de Ar
08/06/2022;N7042;900R20;PIRELLI;Separação no Ombro
07/06/2022;N7288;295/80R22,5;PIRELLI;Aquecimento no Talão
14/06/2022;N6502;295/80R22,5;MICHELIN;Bande de Rodagem
14/06/2022;N6504;295/80R22,5;MICHELIN;Rachadura Circunferencial
24/06/2022;N7061;295/80R22,5;MICHELIN;Impacto
24/06/2022;N6061;295/80R22,5;GOODYEAR;Rachadura Circunferencial
24/06/2022;N7397;295/80R22,5;PIRELLI;Rachadura Circunferencial
24/06/2022;N7386;295/80R22,5;PIRELLI;Aquecimento no Talão
24/06/2022;N6481;295/80R22,5;BRIDGESTONE;Rachadura Circunferencial
24/06/2022;N6123;275/80R22,5;MICHELIN;Ferida Acidental no Flanco
24/06/2022;N3826;295/80R22,5;BRIDGESTONE;Rachadura Circunferencial
24/06/2022;N7307;295/80R22,5;GOODYEAR;Infiltração de Ar
24/06/2022;N7378;295/80R22,5;PIRELLI;Infiltração de Ar
24/06/2022;N4450;1100R22;BRIDGESTONE;Aquecimento no Talão
24/06/2022;N6894;1100R22;PIRELLI;Soltou borracha
28/06/2022;N4839;295/80R22,5;BRIDGESTONE;Aquecimento no Talão
12/07/2022;N7019;1100R22;PIRELLI;Impacto
12/07/2022;N7079;295/80R22,5;MICHELIN;Aquecimento do Talão
12/07/2022;N7119;295/80R22,5;MICHELIN;Bolha
12/07/2022;N7292;295/80R22,5;PIRELLI;Aquecimento do Talão
12/07/2022;N7334;1100R22;PIRELLI;Impacto
12/07/2022;N7559;1100R22;CONTINENTAL;Bolha
12/07/2022;N7623;295/80R22,5;BRIDGESTONE;Aquecimento do Pneu
12/07/2022;N7654;295/80R22,5;BOTO;Bolha
20/07/2022;N7839;295/80R22,5;BRIDGESTONE;Aquecimento do Talão
25/07/2022;N5817;295/80R22,5;CONTINENTAL;Infiltração de Ar
25/07/2022;N4747;1100R22;GOODYEAR;Aquecimento do Talão
25/07/2022;N7051;1100R22;PIRELLI;Infiltração de Ar
25/07/2022;N6307;295/80R22,5;BRIDGESTONE;Aquecimento do Talão
26/07/2022;N7655;295/80R22,5;BOTO;Infiltração de Ar
26/07/2022;N6383;1100R22;GOODYEAR;Deslocamento da Cinta
27/07/2022;N5427;1100R22;GOODYEAR;Impacto
29/07/2022;N6086;900R20;GOODYEAR;Dano no Talão
26/07/2022;N7255;1100R22;PIRELLI;Impacto
26/07/2022;N5851;275/80R22,5;GOODYEAR;Impacto
26/07/2022;N5786;900R20;GOODYEAR;Bolha
26/07/2022;N7377;295/80R22,5;PIRELLI;Deslocamento da Cinta
26/07/2022;N5105;1100R22;GOODYEAR;Impacto
26/07/2022;N4753;295/80R22,5;GOODYEAR;Impacto
26/07/2022;N7889;295/80R22,5;BRIDGESTONE;Aquecimento do Talão
26/07/2022;N4026;1100R22;GOODYEAR;Natural
26/07/2022;N21;1100R22;GOODYEAR;Natural
29/07/2022;N6086;900R20;GOODYEAR;Dano no Talão
08/08/2022;N7243;295/80R22,5;PIRELLI;Impacto
10/08/2022;N6626;295/80R22,5;GOODYEAR;Aquecimento do Talão
11/08/2022;N6390;295/80R22,5;BRIDGESTONE;Uso sem calibragem
11/08/2022;N5427;1100R22;GOODYEAR;Uso sem calibragem
11/08/2022;N6385;275/80R22,5;GOODYEAR;Dano no Talão
18/08/2022;N6997;295/80R22,5;PIRELLI;Dano no Talão
18/08/2022;N7005;295/80R22,5;PIRELLI;Dano no Talão
18/08/2022;N7970;295/80R22,5;BRIDGESTONE;Bateu em peças
18/08/2022;N8015;295/80R22,5;GOODYEAR;Uso sem calibragem
18/08/2022;-;295/80R22,5;PIRELLI;Dano no Talão
15/08/2022;N3418;275/80R22,5;GOODYEAR;Aquecimento do Talão
15/08/2022;N6275;275/80R22,5;MICHELIN;Infiltração de Ar
01/09/2022;N6595;295/80R22,5;GOODYEAR;Infiltração de Ar
01/09/2022;N6174;1100R22;GOODYEAR;Oxidação no Topo
01/09/2022;N5212;295/80R22,5;MICHELIN;Infiltração de Ar
01/09/2022;N7116;295/80R22,5;PIRELLI;Ruptura no flanco
01/09/2022;N7056;295/80R22,5;GOODYEAR;Fadiga Natural
01/09/2022;N7554;275/80R22,5;CONTINENTAL;Deslocamento da Carcaça
01/09/2022;N6523;295/80R22,5;GOODYEAR;Fadiga Natural
01/09/2022;N5381;900R20;GOODYEAR;Dano no Talão
01/09/2022;N5072;1100R22;BRIDGESTONE;Fadiga Natural
01/09/2022;N5834;1100R22;GOODYEAR;Fadiga Natural
06/09/2022;N6555;295/80R22,5;MICHELIN;Ruptura no flanco
06/09/2022;N6581;275/80R22,5;GOODYEAR;Aquecimento do Talão
06/09/2022;N6681;275/80R22,5;GOODYEAR;Dano no Talão
21/09/2022;N8298;295/80R22,5;GOODYEAR;Perfuração
13/09/2022;N7555;275/80R22,5;CONTINENTAL;Infiltração de Ar
20/09/2022;N6987;1100R22;CONTINENTAL;Umidade na lona
20/09/2022;N8035;295/80R22,5;PIRELLI;Ruptura da carcaça
20/09/2022;N6460;295/80R22,5;BRIDGESTONE;Dano no Talão
21/09/2022;N6978;1100R22;PIRELLI;Ruptura no flanco
21/09/2022;N1555;275/80R22,5;CONTINENTAL;Ruptura no flanco
21/09/2022;N7013;295/80R22,5;PIRELLI;Ruptura no flanco
11/10/2022;N5871;295/80R22,5;CONTINENTAL;Rachadura Circunferencial
11/10/2022;N5848;275/80R22,5;GOODYEAR;Rachadura Circunferencial
11/10/2022;N5891;295/80R22,5;GOODYEAR;Rachadura Circunferencial
11/10/2022;N1407;295/80R22,5;BRIDGESTONE;Fadiga Natural
11/10/2022;N5012;295/80R22,5;GOODYEAR;Rachadura Circunferencial
11/10/2022;N6537;295/80R22,5;GOODYEAR;Fadiga Natural
11/10/2022;N6643;295/80R22,5;CONTINENTAL;Rachadura Circunferencial
11/10/2022;N6761;295/80R22,5;CONTINENTAL;Fadiga Natural
11/10/2022;N5905;295/80R22,5;GOODYEAR;Fadiga Natural
11/10/2022;N6270;275/80R22,5;MICHELIN;Fadiga Natural
11/10/2022;N7078;295/80R22,5;MICHELIN;Impacto
11/10/2022;N7790;295/80R22,5;GOODYEAR;Rachadura Circunferencial
11/10/2022;N6768;295/80R22,5;DUNLOP;Fadiga Natural
11/10/2022;N1563;1100R22;CONTINENTAL;Rachadura Circunferencial
14/10/2022;N7110;1100R22;PIRELLI;Ruptura das lonas no topo
14/10/2022;N5699;1100R22;GOODYEAR;Deslocamento de Produtos em Recapagem
14/10/2022;N3633;1100R22;BRIDGESTONE;Deslocamento de Produtos em Recapagem
14/10/2022;N5909;1100R22;GOODYEAR;Infiltração de Ar
15/10/2022;N4501;1100R22;PIRELLI;Ruptura da Lona Carcaça
15/10/2022;N6519;900R20;GOODYEAR;Ruptura da Lona Carcaça
19/10/2022;N6634;275/80R22,5;GOODYEAR;Infiltração de Ar
19/10/2022;N6054;295/80R22,5;GOODYEAR;Rachadura Circunferencial
19/10/2022;N6285;1100R22;PIRELLI;Rachadura Circunferencial
19/10/2022;N6497;295/80R22,5;MICHELIN;Dano no Flanco
19/10/2022;N6930;295/80R22,5;CONTINENTAL;Ruptura da carcaça
19/10/2022;N7120;1100R22;KELLY;Rachadura Circunferencial
19/10/2022;N7180;295/80R22,5;GOODYEAR;Dano no Flanco
19/10/2022;N7223;295/80R22,5;PIRELLI;Rachadura Circunferencial
19/10/2022;N7225;295/80R22,5;PIRELLI;Rachadura Circunferencial
19/10/2022;N7376;295/80R22,5;PIRELLI;Rachadura Lateral
19/10/2022;N7485;295/80R22,5;BRIDGESTONE;Ruptura da carcaça
19/10/2022;N7523;295/80R22,5;BRIDGESTONE;Ruptura da carcaça
19/10/2022;N7562;1100R22;CONTINENTAL;Ruptura Circunferencial
19/10/2022;N7640;295/80R22,5;BRIDGESTONE;Ruptura Circunferencial
19/10/2022;N7815;295/80R22,5;BRIDGESTONE;Dano no Flanco
19/10/2022;N8110;295/80R22,5;ARMOR;Rachadura Circunferencial
19/10/2022;N16808;295/80R22,5;GOODYEAR;Rachadura Circunferencial
19/10/2022;N16811;295/80R22,5;GOODYEAR;Dano no Flanco
19/10/2022;N7142;295/80R22,5;GOODYEAR;Infiltração de Ar
19/10/2022;N3837;275/80R22,5;GOODYEAR;Fadiga Natural
19/10/2022;N6577;295/80R22,5;CONTINENTAL;Separação da Cinta
19/10/2022;N6354;275/80R22,5;GOODYEAR;Fadiga Natural
19/10/2022;N7022;295/80R22,5;PIRELLI;Infiltração de Ar
27/10/2022;N6944;1100R22;ARMOR;Separação de lonas no topo
27/10/2022;N6297;295/80R22,5;CONTINENTAL;Infiltração de Ar
27/10/2022;N7389;275/80R22,5;GOODYEAR;Descolamento
28/10/2022;N5047;900R20;GOODYEAR;Descolamento
28/10/2022;N4838;295/80R22,5;BRIDGESTONE;Impacto
28/10/2022;N373;295/80R22,5;MICHELIN;Infiltração de Ar
28/10/2022;N369;295/80R22,5;MICHELIN;Infiltração de Ar
29/10/2022;N6498;295/80R22,5;MICHELIN;Impacto
31/10/2022;N7085;295/80R22,5;GOODYEAR;Separação da Cinta
31/10/2022;N5420;295/80R22,5;MARSHAL;Fadiga Natural
31/10/2022;N4712;295/80R22,5;BRIDGESTONE;Fadiga Natural
31/10/2022;N6718;295/80R22,5;GOODYEAR;Separação da Cinta
31/10/2022;N6587;295/80R22,5;GOODYEAR;Deslocamento do Ombro
31/10/2022;N6263;275/80R22,5;PIRELLI;Infiltração de Ar
31/10/2022;N6078;275/80R22,5;GOODYEAR;Ressecado
31/10/2022;N6296;295/80R22,5;CONTINENTAL;Infiltração de Ar
14/11/2022;N6090;900R20;GOODYEAR;Dano no Flanco
14/11/2022;N5240;275/80R22,5;GOODYEAR;Ruptura das lonas no topo
14/11/2022;N7759;295/80R22,5;BRIDGESTONE;Perfuração da cinta
14/11/2022;N7833;295/80R22,5;BRIDGESTONE;Infiltração de Ar
14/11/2022;N6430;1100R22;GOODYEAR;Ressecado
14/11/2022;N6932;295/80R22,5;PIRELLI;Aquecimento do Talão
14/11/2022;N3881;295/80R22,5;MICHELIN;Rachadura no Topo
14/11/2022;N3702;275/80R22,5;BRIDGESTONE;Ruptura da Lona
14/11/2022;N4481;295/80R22,5;BRIDGESTONE;Dano no Talão
14/11/2022;N7041;275/80R22,5;PIRELLI;Dano no Talão
14/11/2022;N5793;275/80R22,5;GOODYEAR;Ruptura da Lona
24/11/2022;N6528;1100R22;GOODYEAR;Aquecimento do Bloco
24/11/2022;N8337;295/80R22,5;MICHELIN;Sapata atingiu o pneu
25/11/2022;N6159;295/80R22,5;GOODYEAR;Dano no Talão
30/11/2022;N5798;275/80R22,5;GOODYEAR;Infiltração de Ar
01/12/2022;N4736;1100R22;GOODYEAR;Ruptura Radial do Pneu
03/12/2022;N7048;1100R22;PIRELLI;Soltou borracha
05/12/2022;N7099;295/80R22,5;PIRELLI;Infiltração de Ar
07/12/2022;N6842;295/80R22,5;PIRELLI;Infiltração de Ar
07/12/2022;N6099;295/80R22,5;CONTINENTAL;Infiltração de Ar
03/01/2023;N8221;295/80R22,5;CONTINENTAL;Dano no Talão
03/01/2023;N6985;1100R22;PIRELLI;Soltou borracha
03/01/2023;N6574;295/80R22,5;MICHELIN;Impacto
03/01/2023;N7895;295/80R22,5;GOODYEAR;Dano no Talão
03/01/2023;N6631;275/80R22,5;GOODYEAR;Dano no Talão
03/01/2023;N6895;1100R22;PIRELLI;Impacto
03/01/2023;N7108;1100R22;PIRELLI;Corte Lateral
03/01/2023;N7135;275/80R22,5;GOODYEAR;Corte Lateral
03/01/2023;N7322;295/80R22,5;MICHELIN;Dano no Talão
03/01/2023;N7095;295/80R22,5;PIRELLI;Impacto
03/01/2023;N7224;295/80R22,5;PIRELLI;Dano no Talão
03/01/2023;N6658;295/80R22,5;GOODYEAR;Impacto
03/01/2023;N4811;275/80R22,5;PIRELLI;Fadiga Natural
03/01/2023;N8320;295/80R22,5;GOODYEAR;Infiltração de Ar
03/01/2023;N6581;275/80R22,5;GOODYEAR;Dano no Talão
03/01/2023;N6709;275/80R22,5;GOODYEAR;Fadiga Natural
03/01/2023;N1711;275/80R22,5;GOODYEAR;Fadiga Natural
03/01/2023;N5880;295/80R22,5;GOODYEAR;Corte Lateral
28/12/2022;N7098;295/80R22,5;PIRELLI;Dano no Talão
06/01/2023;N7177;295/80R22,5;MICHELIN;Reparação Inadequada
06/01/2023;N7315;295/80R22,5;GOODYEAR;Rachadura Circunferencial
06/01/2023;N7408;1100R22;PIRELLI;Soltou borracha
06/01/2023;N7475;295/80R22,5;BRIDGESTONE;Impacto
06/01/2023;N7504;295/80R22,5;CONTINENTAL;Rachadura Circunferencial
06/01/2023;N7518;295/80R22,5;BRIDGESTONE;Rachadura Circunferencial
06/01/2023;N7572;295/80R22,5;BRIDGESTONE;Dano no Talão
06/01/2023;N7637;295/80R22,5;GOODYEAR;Dano no Talão
06/01/2023;N7677;295/80R22,5;GOODYEAR;Reparação Inadequada
06/01/2023;N7865;295/80R22,5;BRIDGESTONE;Soltou borracha
06/01/2023;N7897;295/80R22,5;GOODYEAR;Impacto
06/01/2023;N7904;295/80R22,5;GOODYEAR;Rachadura Circunferencial
06/01/2023;N8136;295/80R22,5;DRC;Soltou borracha
20/01/2023;N7003;295/80R22,5;PIRELLI;Corte Lateral
20/01/2023;N7574;295/80R22,5;BRIDGESTONE;Dano no Talão
20/01/2023;-;275/80R22,5;ROTA 21;Fadiga Natural
20/01/2023;N6018;1100R22;GOODYEAR;Corte Lateral
20/01/2023;N2819;295/80R22,5;PIRELLI;Rachadura Circunferencial
20/01/2023;N2810;275/80R22,5;BRIDGESTONE;Fadiga Natural
20/01/2023;N7912;275/80R22,5;MICHELIN;Corte Lateral
20/01/2023;N7735;295/80R22,5;BRIDGESTONE;Corte Lateral
20/01/2023;N8246;295/80R22,5;BRIDGESTONE;Corte Lateral
20/01/2023;N6482;295/80R22,5;BRIDGESTONE;Impacto
30/01/2023;N7852;295/80R22,5;BRIDGESTONE;Aquecimento do Talão
30/01/2023;N7327;295/80R22,5;MICHELIN;Rachadura Circunferencial
30/01/2023;N5608;900R20;GOODYEAR;Fadiga Natural
30/01/2023;N5640;900R20;GOODYEAR;Fadiga Natural
30/01/2023;N7129;900R20;GOODYEAR;Fadiga Natural
30/01/2023;N5491;1100R22;GOODYEAR;Soltou borracha
10/02/2023;N7901;295/80R22,5;GOODYEAR;Baixa pressão
10/02/2023;N7898;295/80R22,5;GOODYEAR;Baixa pressão
10/02/2023;N6811;295/80R22,5;CONTINENTAL;Aquecimento do Talão
10/02/2023;N7558;295/80R22,5;MICHELIN;Soltou borracha
10/02/2023;N7515;295/80R22,5;CONTINENTAL;Infiltração de Ar
10/02/2023;N6901;275/80R22,5;PIRELLI;Infiltração de Ar
10/02/2023;N5881;275/80R22,5;GOODYEAR;Infiltração de Ar
10/02/2023;N6741;295/80R22,5;GOODYEAR;Rachadura Circunferencial
13/02/2023;N5811;275/80R22,5;PIRELLI;Infiltração de Ar
13/02/2023;N6535;275/80R22,5;GOODYEAR;Infiltração de Ar
16/02/2023;N6849;1100R22;PIRELLI;Soltou borracha
25/02/2023;N6692;1100R22;GOODYEAR;Fadiga Natural
25/02/2023;N6493;1100R22;BRIDGESTONE;Dano no Talão
25/02/2023;N3503;1100R22;BRIDGESTONE;Fadiga Natural
25/02/2023;N7916;1100R22;PIRELLI;Soltou borracha
25/02/2023;N5803;295/80R22,5;GOODYEAR;Aquecimento do Talão
25/02/2023;N7242;295/80R22,5;PIRELLI;Infiltração de Ar
25/02/2023;N7816;275/80R22,5;PIRELLI;Infiltração de Ar
25/02/2023;N6457;295/80R22,5;BRIDGESTONE;Fadiga Natural
25/02/2023;N6846;1100R22;PIRELLI;Soltou borracha
01/03/2023;N6845;1100R22;PIRELLI;Soltou borracha
01/03/2023;N5598;295/80R22,5;BRIDGESTONE;Dano no Talão
03/03/2023;N8358;295/80R22,5;GOODYEAR;Infiltração de Ar
03/03/2023;N8359;295/80R22,5;GOODYEAR;Impacto
11/03/2023;N6040;1100R22;GOODYEAR;Impacto
14/03/2023;N6990;295/80R22,5;GOODYEAR;Aquecimento do Talão
25/03/2023;N7849;295/80R22,5;MICHELIN;Rachadura Circunferencial
25/03/2023;N7002;295/80R22,5;PIRELLI;Infiltração de Ar
16/03/2023;N4621;1100R22;GOODYEAR;Fadiga Natural
16/03/2023;N4622;1100R22;GOODYEAR;Fadiga Natural
16/03/2023;N6040;1100R22;GOODYEAR;Fadiga Natural
16/03/2023;N6406;1100R22;GOODYEAR;Fadiga Natural
16/03/2023;N6954;1100R22;ARMOR;Fadiga Natural
16/03/2023;N7010;1100R22;PIRELLI;Fadiga Natural
16/03/2023;N5012;1100R22;GOODYEAR;Fadiga Natural
16/03/2023;N7016;1100R22;PIRELLI;Fadiga Natural
16/03/2023;N6692;1100R22;GOODYEAR;Fadiga Natural
16/03/2023;N3503;1100R22;BRIDGESTONE;Fadiga Natural
16/03/2023;N6493;1100R22;BRIDGESTONE;Fadiga Natural
08/04/2023;N5880;275/80R22,5;GOODYEAR;Soltou borracha
08/04/2023;N6827;900R20;GOODYEAR;Impacto
08/04/2023;N7004;295/80R22,5;PIRELLI;Infiltração de Ar
08/04/2023;N7173;295/80R22,5;PIRELLI;Dano no Talão
08/04/2023;N8736;295/80R22,5;DURABLE;Infiltração de Ar
08/04/2023;N7353;900R20;PIRELLI;Soltou borracha
08/04/2023;N6846;1100R22;GOODYEAR;Fadiga Natural
08/04/2023;N6847;1100R22;GOODYEAR;Fadiga Natural
14/04/2023;N5998;295/80R22,5;GOODYEAR;Fadiga Natural
14/04/2023;N6570;275/80R22,5;GOODYEAR;Fadiga Natural
14/04/2023;N5036;295/80R22,5;BRIDGESTONE;Fadiga Natural
14/04/2023;N7794;295/80R22,5;GOODYEAR;Infiltração de Ar
14/04/2023;N7773;275/80R22,5;DUNLOP;Rachadura Circunferencial
14/04/2023;N6883;295/80R22,5;CONTINENTAL;Aquecimento do Talão
14/04/2023;N7124;275/80R22,5;CONTINENTAL;Fadiga Natural
24/04/2023;N8675;295/80R22,5;MICHELIN;Impacto
24/04/2023;N8354;295/80R22,5;DUNLOP;
24/04/2023;N6794;275/80R22,5;DUNLOP;Impacto
02/05/2023;N7356;295/80R22,5;MICHELIN;Soltou borracha
02/05/2023;N7446;295/80R22,5;BRIDGESTONE;Aquecimento do Talão
04/05/2023;N8090;295/80R22,5;GOODYEAR;Aquecimento do Talão
04/05/2023;N4992;295/80R22,5;MICHELIN;Fadiga Natural
04/05/2023;N5798;275/80R22,5;GOODYEAR;Infiltração de Ar
04/05/2023;N7277;295/80R22,5;PIRELLI;Aquecimento do Talão
04/05/2023;N7007;275/80R22,5;PIRELLI;Infiltração de Ar
04/05/2023;N6921;275/80R22,5;PIRELLI;Soltou borracha
04/05/2023;N6815;275/80R22,5;CONTINENTAL;Soltou borracha
05/05/2023;N7123;1100R22;GOODYEAR;Impacto
11/05/2023;N6553;295/80R22,5;MICHELIN;Impacto
19/05/2023;N7399;295/80R22,5;GOODYEAR;Infiltração de Ar
19/05/2023;N7593;275/80R22,5;BRIDGESTONE;Aquecimento do Talão
19/05/2023;N9084;295/80R22,5;MICHELIN;Perfuração
19/05/2023;N7134;275/80R22,5;GOODYEAR;Infiltração de Ar
29/05/2023;N5772;1100R22;GOODYEAR;Soltou borracha
29/05/2023;N6432;1100R22;GOODYEAR;Impacto
07/06/2023;N8356;295/80R22,5;GOODYEAR;Aquecimento do Talão
17/06/2023;N6530;1100R22;GOODYEAR;Infiltração de Ar
17/06/2023;N6923;1100R22;GOODYEAR;Soltou borracha
17/06/2023;N5765;1100R22;GOODYEAR;Fadiga Natural
20/06/2023;N7381;275/80R22,5;PIRELLI;Impacto
20/06/2023;N8221;295/80R22,5;GOODYEAR;Corte Lateral
21/06/2023;N7346;295/80R22,5;GOODYEAR;Rachadura Circunferencial
21/06/2023;N8462;295/80R22,5;GOODYEAR;Soltou borracha
27/06/2023;N8207;1100R22;FIRESTONE;Soltou borracha
27/06/2023;N8316;1100R22;GOODYEAR;Soltou borracha
27/06/2023;N6795;275/80R22,5;DUNLOP;Impacto
27/06/2023;N6797;275/80R22,5;DUNLOP;Soltou borracha
03/07/2023;N8317;295/80R22,5;GOODYEAR;Soltou borracha
12/07/2023;N7516;275/80R22,5;BRIDGESTONE;Infiltração de Ar
12/07/2023;-;295/80R22,5;CONTINENTAL;Aquecimento do Talão
13/07/2023;N7215;295/80R22,5;MICHELIN;Aquecimento do Talão
14/07/2023;N7227;295/80R22,5;PIRELLI;Infiltração de Ar
17/07/2023;N6055;1100R22;ARMOR;Soltou borracha
17/07/2023;N7686;275/80R22,5;GOODYEAR;Dano no Talão
17/07/2023;N6922;275/80R22,5;PIRELLI;Recusado pela recapagem
20/07/2023;N6955;1100R22;GOODYEAR;Soltou borracha
20/07/2023;N7111;1100R22;PIRELLI;Impacto
21/07/2023;N6942;1100R22;ARMOR;Impacto
24/07/2023;N5764;1100R22;GOODYEAR;Soltou borracha
27/07/2023;N7083;295/80R22,5;MICHELIN;Dano no Talão
27/07/2023;N8817;295/80R22,5;GOODYEAR;Perfuração
31/07/2023;N6526;900R20;GOODYEAR;Fadiga Natural
31/07/2023;N6690;900R20;GOODYEAR;Fadiga Natural
31/07/2023;N7128;900R20;GOODYEAR;Fadiga Natural
01/08/2023;N7060;295/80R22,5;MICHELIN;Soltou borracha
03/08/2023;N6691;1100R22;GOODYEAR;Soltou borracha
07/08/2023;N6824;295/80R22,5;CONTINENTAL;Rachadura Circunferencial
07/08/2023;N8247;295/80R22,5;BRIDGESTONE;Impacto
09/08/2023;N8501;1100R22;STEELMARK;Fadiga Natural
10/08/2023;N5700;1100R22;GOODYEAR;Fadiga Natural
10/08/2023;N7207;295/80R22,5;MICHELIN;Fadiga Natural
10/08/2023;N7913;295/80R22,5;BRIDGESTONE;Fadiga Natural
10/08/2023;N7986;295/80R22,5;BRIDGESTONE;Fadiga Natural
12/08/2023;N4700;1100R22;GOODYEAR;Impacto
14/08/2023;N8192;295/80R22,5;GOODYEAR;Aquecimento do Talão
14/08/2023;N7512;295/80R22,5;CONTINENTAL;Rachadura Circunferencial
26/08/2023;N7808;295/80R22,5;BRIDGESTONE;Rachadura Circunferencial
26/08/2023;N7743;295/80R22,5;BRIDGESTONE;Rachadura Circunferencial
26/08/2023;N7390;275/80R22,5;GOODYEAR;Infiltração de Ar
28/08/2023;N7686;275/80R22,5;GOODYEAR;Rachadura Circunferencial
28/08/2023;N9267;295/80R22,5;BRIDGESTONE;Recusado pela recapagem
28/08/2023;N9168;295/80R22,5;BRIDGESTONE;Fadiga Natural
29/08/2023;N7767;295/80R22,5;BRIDGESTONE;Rachadura Circunferencial
29/08/2023;N7828;295/80R22,5;BRIDGESTONE;Rachadura Circunferencial
05/09/2023;N3165;1100R22;GOODYEAR;Fadiga Natural
05/09/2023;N7254;1100R22;PIRELLI;Impacto
05/09/2023;N6945;1100R22;ARMOR;Soltou borracha
05/09/2023;N8487;295/80R22,5;MICHELIN;Aquecimento do Talão
05/09/2023;N6371;900R20;GOODYEAR;Rachadura Circunferencial
08/09/2023;N7106;1100R22;PIRELLI;Soltou borracha
08/09/2023;N8318;295/80R22,5;GOODYEAR;Infiltração de Ar
12/09/2023;N7607;295/80R22,5;BRIDGESTONE;Aquecimento do Talão
13/09/2023;N6372;900R20;GOODYEAR;Rachadura Circunferencial
13/09/2023;N7239;1100R22;PIRELLI;Soltou borracha
20/09/2023;N9333;275/80R22,5;PIRELLI;Aquecimento do Talão
20/09/2023;N6826;900R20;GOODYEAR;Soltou borracha
30/09/2023;N5638;275/80R22,5;GOODYEAR;Soltou borracha
30/09/2023;N7404;295/80R22,5;PIRELLI;Aquecimento do Talão
30/09/2023;N7262;295/80R22,5;BRIDGESTONE;Infiltração de Ar
03/10/2023;N8055;295/80R22,5;GOODYEAR;Fadiga Natural
03/10/2023;N7155;295/80R22,5;GOODYEAR;Dano no Talão
03/10/2023;N8882;295/80R22,5;CONTINENTAL;Aquecimento do Talão
03/10/2023;N7276;295/80R22,5;PIRELLI;Aquecimento do Talão
03/10/2023;N8143;295/80R22,5;GOODYEAR;Infiltração de Ar
03/10/2023;N6917;295/80R22,5;PIRELLI;Fadiga Natural
03/10/2023;N8122;295/80R22,5;GOODYEAR;Soltou borracha
16/10/2023;N8973;275/80R22,5;FORMULA;Impacto
16/10/2023;N7817;275/80R22,5;PIRELLI;Baixa pressão
24/10/2023;N7843;295/80R22,5;BRIDGESTONE;Fadiga Natural
30/10/2023;N8129;295/80R22,5;GOODYEAR;Infiltração de Ar
03/11/2023;N6063;1100R22;GOODYEAR;Impacto
03/11/2023;N7403;295/80R22,5;PIRELLI;Aquecimento do Talão
03/11/2023;N8132;295/80R22,5;DRC;Rachadura Circunferencial
03/11/2023;N8356;295/80R22,5;GOODYEAR;Aquecimento do Talão
03/11/2023;N7847;295/80R22,5;MICHELIN;Infiltração de Ar
12/01/2024;N7744;295/80R22,5;BRIDGESTONE;Rachadura Circunferencial
12/01/2024;N4620;1100R22;BRIDGESTONE;Fadiga Natural
12/01/2024;N8564;295/80R22,5;PIRELLI;Aquecimento do Talão
12/01/2024;N8327;295/80R22,5;PIRELLI;Aquecimento do Talão
12/01/2024;N7212;295/80R22,5;MICHELIN;Soltou borracha
12/01/2024;N7418;295/80R22,5;PIRELLI;Soltou borracha
12/01/2024;N6082;1100R22;GOODYEAR;Fadiga Natural
12/01/2024;N7616;295/80R22,5;BRIDGESTONE;Infiltração de Ar
12/01/2024;N7351;900R20;PIRELLI;Soltou borracha
12/01/2024;N6728;295/80R22,5;GOODYEAR;Fadiga Natural
12/01/2024;N7447;295/80R22,5;BRIDGESTONE;Rachadura Circunferencial
20/01/2024;N6278;275/80R22,5;MICHELIN;Impacto
20/01/2024;N7065;295/80R22,5;MICHELIN;Impacto
20/01/2024;N7676;275/80R22,5;MICHELIN;Infiltração de Ar
20/01/2024;N7644;295/80R22,5;GOODYEAR;Infiltração de Ar
08/02/2024;N8121;295/80R22,5;GOODYEAR;Dano no Talão
08/02/2024;N8492;295/80R22,5;MICHELIN;Aquecimento do Talão
08/02/2024;N8734;295/80R22,5;CONTINENTAL;Dano no Talão
08/02/2024;N8291;295/80R22,5;GOODYEAR;Dano no Talão
08/02/2024;N9054;295/80R22,5;GOODYEAR;Infiltração de Ar
08/02/2024;N5584;1100R22;GOODYEAR;Fadiga Natural
17/02/2024;N9033;295/80R22,5;BRIDGESTONE;Rachadura Circunferencial
17/02/2024;N8409;275/80R22,5;BRIDGESTONE;Rachadura Circunferencial
17/02/2024;N7983;295/80R22,5;BRIDGESTONE;Fadiga Natural
17/02/2024;N7615;295/80R22,5;BRIDGESTONE;Soltou borracha
19/02/2024;N6702;275/80R22,5;GOODYEAR;Fadiga Natural
19/02/2024;N2812;275/80R22,5;GOODYEAR;Fadiga Natural
19/02/2024;N6517;900R20;GOODYEAR;Rachadura Circunferencial
19/02/2024;N6525;900R20;GOODYEAR;Fadiga Natural
22/02/2024;N8869;295/80R22,5;GOODYEAR;Infiltração de Ar
04/03/2024;N9436;295/80R22,5;DUNLOP;Aquecimento do Talão
04/03/2024;N9437;295/80R22,5;DUNLOP;Aquecimento do Talão
04/03/2024;N7400;275/80R22,5;GOODYEAR;Infiltração de Ar
27/03/2024;N7768;295/80R22,5;BRIDGESTONE;Rachadura Circunferencial
27/03/2024;N9641;275/80R22,5;FIRESTONE;Impacto
27/03/2024;N7362;275/80R22,5;GOODYEAR;Soltou borracha
27/03/2024;N9030;295/80R22,5;BRIDGESTONE;Infiltração de Ar
27/03/2024;N7840;295/80R22,5;BRIDGESTONE;Aquecimento do Talão
27/03/2024;N7216;295/80R22,5;MICHELIN;Impacto
27/03/2024;N7361;275/80R22,5;GOODYEAR;Aquecimento do Talão
01/04/2024;N7894;295/80R22,5;GOODYEAR;Infiltração de Ar
01/04/2024;N9321;295/80R22,5;DUNLOP;Esmerilhamento excessivo
01/04/2024;DOT4222;295/80R22,5;DUNLOP;Baixa pressão
01/04/2024;N1246;295/80R22,5;BRIDGESTONE;Aquecimento do Talão
01/04/2024;N7362;275/80R22,5;GOODYEAR;Soltou borracha
01/04/2024;N8570;295/80R22,5;DUNLOP;Perfuração
01/04/2024;N7383;275/80R22,5;GOODYEAR;Perfuração
12/04/2024;N9172;295/80R22,5;CONTINENTAL;Fadiga Natural
12/04/2024;N7851;295/80R22,5;MICHELIN;Ressecado
12/04/2024;N7846;295/80R22,5;MICHELIN;Ressecado
12/04/2024;N6971;295/80R22,5;PIRELLI;Fadiga Natural
12/04/2024;N5070;1100R22;GOODYEAR;Impacto
12/04/2024;N6050;1100R22;MICHELIN;Fadiga Natural
17/04/2024;N6730;295/80R22,5;MICHELIN;Rachadura Circunferencial
23/04/2024;N7206;295/80R22,5;MICHELIN;Rachadura Circunferencial
23/04/2024;N3211;1100R22;GOODYEAR;Fadiga Natural

